{"0.6313221199492962":{"user_id":3},"0.7184203545507286":{"user_id":3}}